location,n
717,2299
2334,1311
558,884
95,780
2079,748
2092,640
500,620
2404,597
615,575
464,525
1,505
1058,481
620,446
2252,442
3010,396
2039,385
1950,374
1282,371
805,366
75,362
1384,358
4,358
466,355
2460,337
2130,327
2137,322
10,321
2439,317
1585,315
32,306
2799,299
2520,293
1938,280
2096,274
2117,273
1677,252
31,243
935,236
362,236
2483,230
879,230
1896,224
1766,222
2329,221
1672,218
863,216
2337,216
146,215
2193,214
2470,212
2088,210
1997,210
1830,209
1755,209
46,206
1453,204
2212,200
630,200
1626,199
1788,198
1184,198
1413,194
1723,194
2410,191
1521,190
2250,189
2542,188
976,184
1694,176
1044,175
144,173
736,172
2984,172
2856,170
120,170
2413,170
580,163
2465,162
9,161
313,160
1053,157
2217,155
1333,153
846,153
33,153
530,152
2408,151
1889,151
2257,150
3040,149
894,147
1875,144
1926,143
624,143
1891,142
2014,142
2339,141
1455,139
2519,138
533,137
1856,136
2186,135
2800,135
38,133
2382,130
1674,129
2524,129
2525,128
1853,128
1689,127
2290,127
1967,127
2328,125
1392,124
89,124
649,120
1038,118
2251,117
1941,115
61,113
654,113
193,113
5,112
815,111
37,111
1021,109
2070,107
2085,106
1625,105
3019,105
2878,104
2858,104
2196,103
1721,102
2378,102
2532,100
2010,100
2360,99
1175,99
1609,99
1955,98
2306,97
2398,96
1923,96
2756,95
1536,94
794,94
2179,94
1364,94
1045,93
18,93
1060,91
160,91
1929,90
2029,90
170,88
775,87
2122,86
2649,86
2522,86
50,86
480,85
2502,85
666,84
3,84
2824,83
1491,82
2359,82
1645,82
1736,81
862,80
1824,79
2247,79
28,79
2819,79
1664,78
24,77
1062,77
1211,77
2066,76
2323,76
2411,76
2077,76
78,75
2455,74
2288,74
2218,73
792,73
489,73
642,73
2086,72
2453,72
1325,71
647,71
174,71
2159,70
2362,70
2118,70
100,69
823,69
348,69
2,69
2555,68
2109,68
1961,68
594,67
1353,66
2641,66
153,66
72,66
3016,66
376,65
887,65
2192,65
2028,65
845,64
383,64
2264,64
1745,64
2513,64
1751,63
429,63
1354,63
216,62
1289,62
2456,61
1795,61
1673,61
1834,61
1589,60
65,60
2549,60
30,60
870,60
1994,59
2256,59
140,59
2593,59
2785,58
2311,58
2392,57
1026,57
1850,57
949,56
2569,56
2318,56
1687,56
2221,55
1777,55
52,55
84,55
2381,55
1499,54
2155,54
1890,53
1517,53
1555,53
2509,53
1631,53
2727,53
3018,53
901,52
2409,52
465,52
423,52
1233,52
2327,51
1879,51
2090,51
2211,50
926,50
64,50
1264,49
2505,49
1089,49
576,49
287,49
2972,49
2540,49
2119,48
991,48
2111,48
2361,48
1480,48
2808,48
1981,47
2292,47
560,47
2341,47
543,47
2835,46
551,46
2946,45
833,45
697,45
2372,45
476,44
1792,44
1240,44
979,44
1927,44
532,44
21,43
2482,43
2147,43
2490,43
136,43
699,43
159,43
47,43
966,43
2182,43
1731,43
129,42
148,42
2617,42
762,42
1535,42
2561,42
1663,42
133,42
1121,42
2472,42
1705,41
2685,41
398,41
35,41
2048,41
834,41
2049,41
1637,41
1977,41
1152,41
2431,41
175,41
2725,40
2597,40
404,40
2093,40
2261,40
173,40
1130,39
746,39
1733,39
406,39
105,39
1959,39
421,39
2418,39
1602,39
2393,39
1851,38
2358,38
2464,38
1125,38
1668,38
2436,38
2299,38
11,38
900,37
2394,37
2184,37
1000,37
1029,36
715,36
1980,36
2920,36
803,36
2260,36
659,36
2564,36
2286,36
1928,36
2194,35
386,35
2004,35
2445,35
2022,35
1882,35
977,34
3086,34
1918,34
17,34
2045,34
2729,34
2412,34
2391,34
2973,33
2664,33
2115,33
1127,33
810,33
2177,33
907,33
1822,32
676,32
2891,32
2124,32
1232,32
943,32
578,32
1018,32
668,32
774,32
1960,32
237,32
1743,32
334,32
1860,31
397,31
2719,31
904,31
183,31
2018,31
768,31
957,31
2219,30
652,30
2234,30
2091,30
2402,30
1760,30
1520,30
2051,30
671,30
1603,30
111,30
1999,30
953,30
2259,30
2116,30
501,30
2235,29
2149,29
1202,29
830,29
27,29
2857,29
2188,29
785,29
80,29
2605,29
3063,29
1714,29
2592,29
1574,29
934,29
1725,29
2693,28
405,28
1823,28
1160,28
2236,28
2576,28
161,28
623,28
2338,28
1888,28
968,28
2452,28
988,28
2156,28
2271,28
330,28
2239,28
1098,28
0,28
2262,28
434,27
1931,27
281,27
2784,27
947,27
1032,27
897,27
735,27
814,27
55,27
962,27
867,26
1772,26
382,26
701,26
2626,26
893,26
960,26
603,26
896,26
1591,26
2435,26
2630,26
329,26
1575,26
2424,25
855,25
2563,25
2645,25
2313,25
1035,25
3024,25
2493,25
176,25
2736,25
1708,25
2333,25
2317,25
571,25
1877,25
118,25
199,25
508,25
930,25
2133,24
2680,24
2939,24
2646,24
422,24
2960,24
2449,24
1993,24
90,24
263,24
20,24
2913,24
2112,24
2298,24
2315,24
2019,23
2663,23
1922,23
1864,23
644,23
2343,23
2539,23
1227,23
706,23
1414,23
2083,23
79,23
2432,23
1297,23
1405,23
1868,23
418,23
1277,23
2303,23
892,22
2558,22
562,22
53,22
1784,22
1270,22
817,22
1837,22
1079,22
2543,22
1015,22
1690,22
2462,22
2463,22
2273,22
2506,22
2855,22
1113,22
440,22
2999,22
225,22
2753,21
1107,21
2379,21
2396,21
771,21
1050,21
3041,21
1002,21
1478,21
1298,21
2586,21
437,21
1729,21
1711,21
73,21
2035,21
1958,21
1940,21
2265,21
122,21
1894,21
850,21
3044,21
2733,21
1395,21
2342,21
704,20
2523,20
1952,20
2985,20
568,20
2467,20
565,20
168,20
1550,20
1667,20
2220,20
1787,20
759,20
2602,20
2395,20
77,20
577,20
2768,20
2588,20
614,20
559,20
1627,20
873,20
2157,20
2046,20
2955,20
1826,20
2632,20
1937,19
468,19
3054,19
2503,19
645,19
1565,19
1813,19
2121,19
967,19
2698,19
1340,19
857,19
515,19
165,19
2609,19
2979,19
2778,19
2650,19
2600,19
2365,19
1605,19
549,19
2210,19
1852,19
1400,19
2589,19
2690,19
2254,19
2584,18
2322,18
2510,18
2240,18
433,18
660,18
725,18
687,18
1016,18
569,18
2227,18
798,18
971,18
2601,18
1294,18
472,18
2515,18
2447,18
1946,18
783,18
2735,18
1327,18
2772,18
889,18
3038,18
1840,18
709,18
412,18
1964,18
920,18
1613,18
635,18
2567,17
2728,17
1014,17
151,17
1920,17
2822,17
1231,17
2508,17
2754,17
1651,17
1307,17
741,17
1043,17
1078,17
1571,17
1462,17
951,17
975,17
2752,17
2349,17
234,17
246,17
1210,17
585,17
260,17
1467,17
2937,17
375,17
940,17
2818,17
2737,17
1547,17
984,17
2851,17
2072,17
1418,17
1037,17
1799,17
85,16
2499,16
1328,16
1326,16
2500,16
1829,16
34,16
903,16
634,16
2993,16
96,16
2678,16
1619,16
2458,16
2950,16
2054,16
2151,16
799,16
1197,16
790,16
871,16
561,16
82,16
1768,16
2504,16
2246,16
1697,16
950,16
2755,16
718,16
2994,16
2416,16
436,16
1527,15
103,15
2517,15
2397,15
2304,15
2598,15
1601,15
2606,15
2541,15
2866,15
1934,15
8,15
1746,15
1797,15
1257,15
2238,15
432,15
1771,15
243,15
1054,15
1047,15
393,15
1138,15
2176,15
1404,15
748,15
789,15
700,15
936,15
49,15
719,15
1791,15
605,15
877,15
627,15
2403,14
3033,14
1287,14
2748,14
1424,14
3003,14
1157,14
2185,14
1770,14
1013,14
1222,14
2285,14
2295,14
2190,14
425,14
2140,14
499,14
125,14
1132,14
2326,14
2990,14
1867,14
2415,14
567,14
691,14
1005,14
1781,14
1238,14
1569,14
777,14
2732,14
244,14
323,14
2872,14
781,14
737,14
267,14
128,14
573,14
262,14
2806,14
1831,14
1056,14
1539,14
1063,13
890,13
2566,13
1421,13
908,13
419,13
2187,13
2591,13
364,13
2544,13
2595,13
843,13
294,13
925,13
2969,13
786,13
1561,13
964,13
917,13
705,13
2331,13
106,13
1836,13
1166,13
295,13
1516,13
2270,13
2414,13
1786,13
2474,13
1780,13
1759,13
2191,13
2158,13
1170,13
616,13
2689,13
2805,13
880,13
2237,13
384,13
2388,13
2131,13
1266,13
1118,13
1932,13
1022,13
2827,13
581,13
3046,13
1243,13
2710,13
1665,12
1059,12
400,12
325,12
315,12
1039,12
408,12
2953,12
2297,12
2731,12
94,12
222,12
2833,12
407,12
2496,12
139,12
2942,12
2596,12
1484,12
3060,12
973,12
2814,12
1489,12
1272,12
2340,12
2639,12
2507,12
1305,12
2526,12
2136,12
2590,12
131,12
609,12
166,12
2354,12
424,12
2399,12
2344,12
1494,12
2223,12
2076,12
2330,12
2030,12
758,12
1975,12
2148,12
2025,12
2786,12
1842,12
2429,12
2229,12
822,12
1471,12
2442,12
2041,12
1925,12
816,12
1099,12
1629,12
1872,12
1887,12
542,12
420,12
1083,12
1212,12
1065,12
123,11
1512,11
2888,11
875,11
2169,11
825,11
2080,11
742,11
2557,11
2895,11
688,11
2687,11
2657,11
1430,11
1590,11
1427,11
1858,11
2810,11
1205,11
1949,11
2021,11
1506,11
818,11
1972,11
1650,11
2927,11
914,11
2918,11
865,11
554,11
922,11
655,11
702,11
1545,11
1223,11
1482,11
1247,11
1271,11
2110,11
1196,11
1313,11
1579,11
2450,11
2451,11
1111,11
942,11
1145,11
1140,11
2352,11
2268,11
2369,11
2533,11
197,11
443,11
1347,11
202,11
2762,11
346,11
2332,11
2150,11
22,11
3011,11
2642,11
2611,11
923,11
2134,11
169,11
835,11
145,11
837,11
204,11
2843,11
2335,11
2316,11
1081,11
321,11
2471,11
2775,11
66,11
124,11
608,11
2128,11
1738,11
2067,11
780,11
488,11
63,11
1532,11
795,11
1285,11
2599,11
537,11
959,10
2488,10
2008,10
1976,10
2845,10
1604,10
2840,10
2971,10
2829,10
2527,10
2691,10
1096,10
2556,10
2383,10
2803,10
2296,10
1957,10
1080,10
1048,10
3066,10
2974,10
119,10
391,10
2977,10
2850,10
415,10
2613,10
2720,10
2324,10
3030,10
1727,10
2656,10
121,10
2903,10
993,10
767,10
1148,10
1093,10
912,10
601,10
969,10
1445,10
1167,10
1068,10
3039,10
2024,10
1660,10
54,10
2013,10
2007,10
839,10
955,10
1226,10
784,10
2970,10
2780,10
2665,10
2781,10
2893,10
2730,10
2677,10
2036,10
2607,10
470,10
2198,10
185,10
2706,10
427,10
196,10
2575,10
357,10
723,10
1230,10
2248,10
403,10
2363,10
1524,10
1956,10
1483,10
1302,10
1570,10
1758,10
1843,10
2245,10
2113,10
1678,10
1640,10
1695,10
212,10
233,10
2263,10
519,10
1221,10
483,10
2215,10
1359,10
1468,10
2284,10
435,10
1847,10
2145,10
2929,10
1911,10
1884,10
278,10
2287,9
2321,9
2065,9
1730,9
2120,9
1003,9
2038,9
1819,9
2274,9
2244,9
2135,9
2222,9
1411,9
1765,9
1495,9
1109,9
1706,9
2060,9
1169,9
1143,9
2871,9
2889,9
1172,9
273,9
639,9
187,9
1652,9
1434,9
2282,9
2125,9
2356,9
1490,9
1128,9
2307,9
974,9
885,9
856,9
2294,9
2105,9
1954,9
1112,9
305,9
1082,9
1919,9
19,9
459,9
102,9
1375,9
2089,9
1187,9
1583,9
1155,9
1683,9
1201,9
1042,9
1436,9
1076,9
1199,9
491,9
2792,9
747,9
2651,9
733,9
223,9
300,9
481,9
490,9
309,9
658,9
333,9
163,9
51,9
67,9
518,9
859,9
924,9
1614,9
2209,9
2253,9
1916,9
3055,9
218,9
271,9
484,9
778,9
929,9
1066,9
1123,9
858,9
1087,9
1030,9
972,9
853,9
745,9
958,9
283,9
589,9
505,9
675,9
2704,9
782,9
2562,9
2807,9
1686,9
2793,9
1429,9
1530,9
219,9
2684,9
1276,9
2661,9
2711,9
1598,9
1444,9
2991,8
1009,8
1719,8
2766,8
1676,8
1031,8
970,8
1443,8
868,8
1208,8
2068,8
1417,8
2002,8
3027,8
1330,8
766,8
689,8
2047,8
1235,8
93,8
194,8
2673,8
2901,8
538,8
1183,8
58,8
2965,8
633,8
1696,8
2161,8
2702,8
2844,8
1592,8
239,8
579,8
450,8
566,8
232,8
1775,8
2486,8
2865,8
1969,8
1204,8
684,8
1299,8
1735,8
2552,8
1599,8
2791,8
1833,8
1621,8
2771,8
2887,8
618,8
3023,8
1288,8
2816,8
184,8
2828,8
713,8
2846,8
1260,8
2466,8
1006,8
797,8
1479,8
1189,8
2293,8
860,8
708,8
680,8
2175,8
1910,8
2055,8
1756,8
477,8
1360,8
1209,8
760,8
1586,8
353,8
1324,8
319,8
1615,8
2009,8
1978,8
2910,8
2107,8
2897,8
379,8
840,8
2127,8
2738,8
186,8
2652,8
282,8
2854,8
2696,8
74,8
2880,8
2708,8
2662,8
604,8
1492,8
2859,8
2230,8
69,8
1737,7
1379,7
1567,7
167,7
1218,7
1241,7
1734,7
1351,7
763,7
2280,7
2957,7
1461,7
593,7
127,7
2749,7
291,7
115,7
1245,7
1855,7
1315,7
2213,7
1845,7
2495,7
905,7
2954,7
716,7
1655,7
1008,7
171,7
507,7
2160,7
138,7
1466,7
1785,7
662,7
1684,7
2794,7
933,7
2647,7
251,7
1110,7
2319,7
2189,7
1948,7
2705,7
1084,7
135,7
1662,7
2608,7
690,7
2966,7
852,7
2938,7
2374,7
1011,7
2407,7
2861,7
1339,7
2928,7
2654,7
2547,7
1718,7
1540,7
1549,7
1403,7
2001,7
1292,7
2987,7
990,7
965,7
2095,7
2267,7
29,7
1817,7
938,7
1343,7
2153,7
1481,7
1174,7
2114,7
2138,7
192,7
487,7
2367,7
2026,7
1017,7
531,7
1163,7
913,7
1563,7
2779,7
2709,7
804,7
358,7
1644,7
1239,7
812,7
2537,7
1848,7
460,7
819,7
584,7
2688,7
2448,7
861,7
1870,7
1477,7
1773,7
149,7
2033,7
2604,7
289,7
1666,7
918,7
2069,7
1092,7
1548,7
2892,7
698,7
207,7
449,7
3056,7
2896,7
1669,7
869,7
2228,7
43,7
2797,7
336,7
1839,7
1726,7
590,7
2635,7
2697,7
883,7
1258,7
3029,7
2071,7
2084,7
99,7
1104,7
2231,7
1878,7
2723,7
1051,7
1452,7
2104,7
303,7
1393,7
2437,6
588,6
1337,6
1206,6
1681,6
899,6
3059,6
1717,6
2364,6
2479,6
2980,6
1720,6
2763,6
2100,6
1493,6
1108,6
838,6
732,6
2923,6
1129,6
1514,6
842,6
2373,6
1857,6
1693,6
2750,6
1612,6
2550,6
2371,6
2146,6
2481,6
2492,6
1137,6
881,6
992,6
2126,6
1117,6
888,6
832,6
2000,6
891,6
1538,6
1815,6
874,6
2420,6
1685,6
1747,6
1503,6
836,6
1699,6
479,6
1886,6
1028,6
2057,6
1741,6
1814,6
937,6
2003,6
995,6
1106,6
1487,6
664,6
1439,6
2384,6
1522,6
1357,6
1207,6
1659,6
1303,6
2174,6
374,6
1097,6
1620,6
743,6
1675,6
1213,6
1742,6
2417,6
1790,6
1162,6
1470,6
764,6
2912,6
1256,6
1740,6
1165,6
956,6
916,6
413,6
696,6
724,6
130,6
206,6
851,6
791,6
242,6
280,6
2724,6
306,6
2885,6
2820,6
948,6
430,6
372,6
331,6
1010,6
978,6
1377,6
941,6
866,6
1566,6
1426,6
380,6
1970,6
1469,6
1308,6
2094,6
277,6
463,6
498,6
1542,6
221,6
1995,6
469,6
744,6
2870,6
872,6
339,6
414,6
509,6
76,6
2614,6
1525,6
2776,6
1419,6
2789,6
2959,6
1255,6
612,6
7,6
107,6
2830,6
25,6
2801,6
2659,6
104,6
71,6
177,6
2615,6
371,6
101,6
1688,6
694,6
1284,6
2700,6
739,6
2769,6
2718,6
318,6
504,6
349,6
2618,6
1182,6
2812,6
2620,6
178,6
2715,6
247,6
245,6
2714,6
1440,6
2636,6
3069,6
285,6
2554,6
695,6
692,6
2405,6
637,6
1509,6
428,6
738,6
2921,6
625,6
1139,6
729,6
1236,6
1057,6
366,6
1825,6
2516,6
686,6
367,6
1387,6
802,6
1372,6
552,6
2634,6
2883,6
2823,6
1178,6
1356,5
253,5
770,5
2964,5
286,5
62,5
88,5
1793,5
1291,5
2320,5
2064,5
200,5
2759,5
215,5
1086,5
1809,5
493,5
156,5
45,5
87,5
1301,5
1869,5
1225,5
1763,5
83,5
1001,5
1464,5
2074,5
2082,5
1500,5
1862,5
394,5
2494,5
172,5
2881,5
2434,5
1942,5
451,5
2468,5
1094,5
2559,5
1880,5
23,5
2102,5
1149,5
674,5
235,5
1544,5
86,5
1682,5
152,5
1915,5
388,5
1179,5
311,5
726,5
1533,5
1636,5
142,5
1476,5
1893,5
1114,5
1982,5
1744,5
162,5
2572,5
308,5
1115,5
1623,5
2214,5
3076,5
2005,5
1156,5
1341,5
497,5
2129,5
1454,5
1577,5
1504,5
669,5
6,5
587,5
981,5
1322,5
1069,5
721,5
467,5
448,5
632,5
1034,5
241,5
317,5
1811,5
574,5
1431,5
1653,5
663,5
999,5
1865,5
1654,5
2712,5
2521,5
2744,5
1874,5
998,5
2183,5
2761,5
1647,5
1649,5
1185,5
952,5
220,5
730,5
809,5
396,5
849,5
478,5
355,5
685,5
1116,5
70,5
252,5
1064,5
1779,5
1194,5
2171,5
36,5
188,5
939,5
268,5
1046,5
1752,5
728,5
844,5
2682,5
1027,5
1120,5
556,5
1537,5
154,5
813,5
114,5
1818,5
458,5
1617,5
2751,5
779,5
544,5
1968,5
756,5
1401,5
2902,5
2475,5
1762,5
2477,5
1447,5
772,5
1497,5
665,5
621,5
510,5
2982,5
337,5
1630,5
1362,5
1679,5
2637,5
1580,5
1616,5
945,5
2560,5
617,5
2269,5
514,5
1498,5
606,5
2886,5
203,5
2899,5
2309,5
622,5
707,5
2577,5
1267,5
266,5
461,5
2847,5
409,5
765,5
2232,5
2461,5
1921,5
2760,5
201,5
1794,5
2839,5
2821,5
387,5
264,5
1715,5
1518,5
672,5
1465,5
292,5
3065,5
2716,5
1090,5
2952,5
2848,5
1861,5
534,5
1658,5
1897,5
2017,5
1914,5
3064,5
1529,5
2898,5
619,5
1576,5
2208,5
586,5
1318,5
1398,5
1800,5
636,5
548,5
2915,5
2081,5
2703,5
648,5
1442,5
2740,5
2457,5
2376,5
1475,5
2426,5
2154,5
2300,5
2612,5
2419,5
1584,5
2674,5
2529,5
2580,5
2675,5
1273,5
1304,5
1036,5
1312,5
1581,5
2368,5
2758,5
2804,5
2325,5
2226,5
3042,5
572,5
402,5
2671,5
2310,5
3080,5
2172,5
343,4
1295,4
628,4
431,4
2163,4
986,4
1244,4
205,4
1317,4
806,4
878,4
1309,4
1451,4
2868,4
59,4
1371,4
316,4
3061,4
117,4
297,4
1587,4
2739,4
191,4
1142,4
1186,4
1560,4
2802,4
1147,4
535,4
1041,4
1378,4
1077,4
1370,4
354,4
1808,4
646,4
2587,4
511,4
1394,4
2707,4
41,4
1306,4
214,4
1262,4
1692,4
3031,4
2917,4
1290,4
2853,4
2692,4
1796,4
1656,4
1798,4
1386,4
1648,4
886,4
1628,4
1350,4
2666,4
2648,4
1523,4
1321,4
1564,4
1248,4
98,4
345,4
1774,4
1776,4
341,4
226,4
1382,4
2283,4
141,4
2638,4
1438,4
389,4
1899,4
164,4
126,4
2400,4
3057,4
298,4
1100,4
1019,4
946,4
1553,4
503,4
3049,4
902,4
496,4
681,4
1944,4
1486,4
1534,4
2894,4
2078,4
1812,4
787,4
2375,4
1474,4
1388,4
1133,4
2863,4
342,4
1365,4
1095,4
457,4
1200,4
602,4
324,4
610,4
651,4
454,4
351,4
831,4
793,4
523,4
56,4
2867,4
546,4
1963,4
395,4
2825,4
352,4
2660,4
1144,4
417,4
143,4
189,4
1198,4
638,4
108,4
2667,4
1624,4
257,4
1707,4
502,4
2745,4
1358,4
1177,4
757,4
1859,4
1380,4
2717,4
722,4
2012,4
1632,4
1376,4
2622,4
368,4
2616,4
1966,4
1268,4
2512,4
401,4
2765,4
474,4
2162,4
1835,4
2610,4
2534,4
3043,4
2427,4
1754,4
2305,4
876,4
2366,4
1558,4
1052,4
854,4
2141,4
1767,4
1582,4
2581,4
1012,4
1278,4
1024,4
2538,4
882,4
3013,4
1025,4
3079,4
2173,4
1568,4
613,4
2535,4
2152,4
1164,4
796,4
2233,4
1610,4
2170,4
2249,4
2042,4
653,4
727,4
2975,4
921,4
1154,4
3028,4
2308,4
2433,4
2422,4
1895,4
1397,4
2487,4
2011,4
2166,4
2202,4
1396,4
2370,4
769,4
545,4
2536,4
517,4
1193,4
2530,4
915,4
1846,4
1091,4
1214,4
2480,4
2139,4
1508,4
661,4
1863,4
1355,4
710,4
3068,4
2168,4
2421,4
1885,4
1103,4
1280,4
1168,4
1040,4
1871,4
667,4
2438,4
3006,4
2242,4
1067,4
2241,4
1432,4
1849,4
2425,4
1033,4
997,4
1176,4
2056,4
1381,4
1951,4
919,4
3045,3
3000,3
2167,3
996,3
1126,3
370,3
444,3
1249,3
344,3
734,3
557,3
980,3
492,3
898,3
2478,3
230,3
1425,3
703,3
1195,3
1075,3
2101,3
2579,3
350,3
195,3
2578,3
224,3
1385,3
553,3
848,3
595,3
555,3
1293,3
1428,3
320,3
1332,3
512,3
276,3
290,3
1412,3
826,3
1251,3
516,3
369,3
3052,3
2944,3
1450,3
597,3
575,3
284,3
928,3
1316,3
1557,3
1913,3
301,3
2098,3
1346,3
1246,3
385,3
231,3
116,3
81,3
1237,3
513,3
1633,3
1203,3
2841,3
1252,3
1124,3
147,3
1670,3
60,3
1639,3
3014,3
2476,3
1074,3
302,3
2103,3
249,3
1055,3
288,3
540,3
1171,3
2301,3
1049,3
1119,3
524,3
13,3
2644,3
895,3
109,3
248,3
2225,3
693,3
2216,3
150,3
157,3
238,3
1437,3
2962,3
2165,3
1274,3
2914,3
841,3
2099,3
1511,3
1234,3
1004,3
410,3
363,3
750,3
2621,3
494,3
670,3
3084,3
2573,3
801,3
2741,3
446,3
314,3
753,3
91,3
1373,3
2864,3
521,3
2956,3
2906,3
807,3
2655,3
629,3
550,3
452,3
445,3
57,3
522,3
2574,3
2423,3
2796,3
3021,3
416,3
26,3
1374,3
2672,3
2224,3
236,3
3002,3
596,3
983,3
256,3
2203,3
261,3
1646,3
2583,3
1912,3
1488,3
607,3
1722,3
2459,3
299,3
1338,3
1748,3
2200,3
1407,3
475,3
2813,3
1749,3
1983,3
1020,3
2681,3
1724,3
1930,3
2266,3
2142,3
1446,3
2997,3
2900,3
1460,3
1456,3
1691,3
1228,3
1588,3
1363,3
1996,3
611,3
1953,3
1220,3
1778,3
213,3
495,3
656,3
2052,3
1844,3
441,3
1224,3
1643,3
2195,3
340,3
1173,3
2922,3
821,3
1909,3
1181,3
2302,3
1319,3
2694,3
683,3
1971,3
1188,3
2869,3
1832,3
3032,3
1750,3
1641,3
1502,3
471,3
3058,3
2355,3
2281,3
2204,3
714,3
1783,3
2385,3
1764,3
2390,3
1634,3
1263,3
1607,3
1573,3
2336,3
731,3
208,3
3025,3
740,3
1543,3
1216,3
2123,3
3072,3
536,3
2790,3
2911,3
1820,3
820,3
811,3
2446,3
347,3
2826,3
2860,3
650,3
3004,3
1085,3
2774,3
2726,3
1600,3
1366,3
3053,3
1984,3
426,3
378,3
2075,3
2491,3
1531,3
1323,3
1457,3
626,3
2016,3
1898,3
2568,3
1908,3
755,3
14,3
776,3
2551,3
3062,3
1789,3
327,3
2501,3
2788,3
1390,3
1217,3
1881,3
2570,3
2831,3
1827,3
1716,3
1402,3
2770,3
1841,3
2006,3
1159,3
1962,3
1821,3
373,3
360,3
927,3
1345,3
911,3
442,3
1838,3
1892,3
682,3
438,3
2670,3
1141,3
2936,3
2207,3
1311,3
1739,3
1965,3
506,3
1902,3
2884,3
1757,3
1541,3
275,3
482,3
229,3
2027,3
1352,3
641,3
1979,3
944,3
1342,3
1515,3
1441,2
1150,2
1728,2
1242,2
1769,2
1883,2
181,2
198,2
582,2
2746,2
1335,2
906,2
520,2
864,2
274,2
2484,2
1151,2
392,2
1559,2
1713,2
1712,2
2798,2
1300,2
227,2
1310,2
1704,2
2629,2
39,2
1782,2
1250,2
1680,2
1661,2
390,2
1635,2
1158,2
1007,2
1501,2
2747,2
1459,2
377,2
361,2
1572,2
1101,2
1943,2
259,2
485,2
97,2
2679,2
2178,2
1391,2
2073,2
1399,2
2377,2
1161,2
1947,2
751,2
2777,2
1296,2
1269,2
640,2
1939,2
1348,2
2882,2
1420,2
541,2
113,2
1314,2
1810,2
1761,2
2640,2
2489,2
2485,2
3047,2
2963,2
2967,2
2386,2
2511,2
2255,2
2919,2
1435,2
3074,2
2469,2
3070,2
2838,2
1936,2
2951,2
2531,2
2734,2
1331,2
1415,2
1554,2
1349,2
1191,2
824,2
1192,2
1061,2
711,2
761,2
1180,2
3075,2
2995,2
2545,2
2548,2
2930,2
2553,2
2837,2
2815,2
3035,2
2773,2
2624,2
2873,2
2996,2
1903,2
2787,2
2628,2
2514,2
399,2
2406,2
2443,2
312,2
381,2
359,2
411,2
304,2
2258,2
439,2
564,2
356,2
365,2
2992,2
2783,2
1458,2
1329,2
1279,2
1642,2
2582,2
2097,2
2108,2
1528,2
1281,2
338,2
2205,2
2023,2
2050,2
1801,2
1904,2
1449,2
2020,2
1989,2
2201,2
1611,2
1383,2
2401,2
2197,2
1701,2
1802,2
1990,2
2389,2
2276,2
2380,2
1408,2
1986,2
2357,2
2106,2
1102,2
847,2
2164,2
1873,2
2180,2
2961,2
1229,2
3015,2
2312,2
2909,2
2454,2
2905,2
2444,2
3050,2
1071,2
2059,2
3017,2
2473,2
3048,2
2945,2
2441,2
2941,2
2061,2
1987,2
3078,2
1275,2
2908,2
1709,2
1866,2
2015,2
2817,2
1368,2
1608,2
1409,2
462,2
1700,2
1448,2
1803,2
190,2
137,2
486,2
773,2
211,2
228,2
2032,2
1519,2
3001,2
963,2
1105,2
179,2
1753,2
954,2
884,2
1876,2
1806,2
1622,2
2722,2
931,2
1088,2
15,2
909,2
134,2
279,2
44,2
2932,2
829,2
563,2
1073,2
455,2
677,2
1710,2
1265,2
1900,2
800,2
570,2
1485,2
48,2
1905,2
272,2
240,2
1807,2
335,2
1805,2
254,2
307,2
749,2
3034,2
1070,2
547,2
526,2
1131,2
2669,2
1998,2
2890,2
16,2
1286,2
2619,2
1973,2
2643,2
3036,2
2713,2
2031,2
1146,2
155,2
1190,2
2043,2
2625,2
1510,2
1320,2
2040,2
2037,2
1135,2
1526,2
2743,2
1657,2
1254,2
592,2
2757,2
2949,2
310,2
1816,2
1638,2
1593,2
293,2
473,2
1134,2
217,2
3077,2
1219,2
2842,2
3081,2
112,2
2565,2
2546,2
2571,2
2877,2
1334,2
1935,2
631,2
1924,2
1596,1
2925,1
2062,1
2199,1
1594,1
2243,1
2275,1
1698,1
2132,1
2428,1
2347,1
1974,1
1988,1
2314,1
3020,1
2278,1
2497,1
2528,1
2353,1
1702,1
1361,1
1992,1
3022,1
2879,1
1367,1
2968,1
2834,1
1901,1
3051,1
2989,1
1505,1
1261,1
2958,1
2986,1
2277,1
2935,1
2934,1
2998,1
1703,1
2931,1
3082,1
1473,1
2852,1
1732,1
2044,1
1804,1
2916,1
2948,1
2978,1
2351,1
2053,1
2348,1
2289,1
1991,1
2063,1
1369,1
1985,1
1472,1
2181,1
453,1
2058,1
1597,1
2430,1
2498,1
1595,1
1153,1
1906,1
2345,1
2272,1
2279,1
3067,1
326,1
2206,1
1136,1
2676,1
2721,1
2764,1
1389,1
2795,1
539,1
1513,1
828,1
2849,1
673,1
599,1
296,1
525,1
132,1
456,1
752,1
2809,1
2144,1
2440,1
2862,1
1917,1
1433,1
1551,1
2701,1
2087,1
1578,1
2623,1
2742,1
2668,1
2683,1
2291,1
1556,1
2653,1
2874,1
2875,1
2603,1
158,1
527,1
322,1
250,1
754,1
910,1
712,1
989,1
985,1
678,1
270,1
180,1
1072,1
12,1
529,1
209,1
600,1
42,1
68,1
40,1
332,1
528,1
657,1
110,1
447,1
591,1
210,1
1416,1
827,1
255,1
679,1
265,1
182,1
2143,1
269,1
987,1
598,1
92,1
258,1
2811,1
1410,1
2585,1
3085,1
1023,1
1122,1
932,1
982,1
2904,1
2983,1
3083,1
3005,1
2907,1
3026,1
2924,1
3008,1
2976,1
2933,1
3009,1
2981,1
994,1
808,1
1546,1
1253,1
2346,1
2350,1
1423,1
1945,1
1933,1
2034,1
1828,1
2940,1
1336,1
1259,1
2926,1
1283,1
643,1
1907,1
720,1
2947,1
3037,1
1507,1
328,1
2594,1
2631,1
2658,1
1344,1
1854,1
1406,1
583,1
2627,1
1215,1
1496,1
1463,1
2686,1
2876,1
1671,1
2782,1
1552,1
2699,1
2695,1
1606,1
2518,1
3073,1
3012,1
2943,1
3007,1
3071,1
1618,1
1422,1
788,1
1562,1
961,1
2832,1
2633,1
2836,1
2767,1
2387,1
2988,1
