location,n
717,2300
2355,1311
558,885
95,780
2092,748
2106,640
500,620
2425,598
615,575
464,525
1,505
1058,481
620,446
2273,442
3031,396
2050,385
1958,374
1282,371
805,366
75,362
1384,358
4,358
466,355
2481,337
2146,328
2155,322
10,321
2460,317
1585,315
32,306
2820,299
2541,293
1946,280
2110,274
2132,273
1677,252
31,243
935,236
362,236
2504,230
879,230
1901,224
1767,222
2350,221
1672,218
863,216
2358,216
146,215
2214,214
2491,212
2005,210
2102,210
1832,209
1755,209
46,206
2134,205
1453,204
630,200
2233,200
1626,199
1789,198
1184,198
1413,194
1723,194
2431,191
1521,190
2271,189
2563,188
976,184
2171,178
1694,176
1044,175
2044,175
144,173
3005,172
736,172
2434,170
2877,170
120,170
2111,164
580,163
2486,162
9,161
313,160
1053,157
2238,155
1333,153
33,153
846,153
530,152
2429,151
1894,151
2278,150
3061,149
894,147
1879,144
624,143
1934,143
2024,142
1896,142
2009,141
2360,141
1455,139
2540,138
533,137
1859,136
2821,135
2206,135
38,133
2403,130
1674,129
2545,129
1856,128
2546,128
1689,127
1975,127
1915,127
2311,127
2349,125
89,124
1392,124
649,120
1038,118
1931,118
2272,117
1949,115
654,113
1930,113
61,113
193,113
5,112
37,111
815,111
1021,109
2097,108
2083,107
2099,106
1625,105
3040,105
2879,104
2899,104
2217,103
1721,102
2399,102
2153,100
2553,100
2020,100
1175,99
1609,99
2381,99
2192,99
1963,98
2327,97
1929,96
2419,96
2777,95
794,94
1536,94
1364,94
2199,94
18,93
1045,93
160,91
1060,91
2039,90
1937,90
170,88
775,87
2670,86
2543,86
50,86
2138,86
480,85
2523,85
666,84
3,84
2845,83
2380,82
1491,82
1645,82
1736,81
862,80
28,79
1826,79
2268,79
2840,79
1664,78
24,77
1211,77
1062,77
2014,76
2344,76
2090,76
2432,76
2077,76
78,75
2309,74
2476,74
792,73
489,73
2239,73
642,73
2100,72
2474,72
1325,71
647,71
174,71
2133,70
2383,70
2178,70
2,69
1837,69
823,69
100,69
348,69
1969,68
2124,68
2576,68
2080,68
594,67
153,66
72,66
2662,66
1353,66
3037,66
2213,65
887,65
376,65
2038,65
2285,64
2534,64
845,64
383,64
1745,64
429,63
1889,63
1751,63
1354,63
1289,62
216,62
1673,61
1836,61
1796,61
2477,61
30,60
1589,60
2570,60
65,60
870,60
2614,59
2277,59
140,59
2002,59
2332,58
2806,58
1853,57
2413,57
1026,57
2339,56
949,56
1687,56
2590,56
52,55
1778,55
84,55
2242,55
2402,55
2174,54
1499,54
2530,53
1555,53
1631,53
2748,53
1517,53
3039,53
1895,53
465,52
2430,52
423,52
901,52
1233,52
2104,51
2348,51
1883,51
64,50
2232,50
926,50
287,49
1089,49
1264,49
576,49
2993,49
2526,49
2561,49
1480,48
2382,48
2829,48
2126,48
2135,48
991,48
2313,47
1989,47
543,47
560,47
2362,47
551,46
2856,46
697,45
2967,45
2393,45
833,45
532,44
1240,44
1793,44
1935,44
476,44
979,44
1731,43
21,43
699,43
136,43
966,43
47,43
2165,43
2503,43
2511,43
2202,43
159,43
1535,42
2638,42
1121,42
2493,42
1663,42
762,42
2582,42
133,42
148,42
129,42
35,41
2452,41
175,41
398,41
2706,41
2059,41
1985,41
1705,41
2060,41
1637,41
2209,41
1152,41
834,41
173,40
404,40
2282,40
2107,40
2746,40
2618,40
1130,39
105,39
2414,39
2439,39
1602,39
1733,39
1967,39
406,39
746,39
421,39
2485,38
2457,38
2379,38
1668,38
1854,38
1125,38
2320,38
11,38
1000,37
900,37
2204,37
2415,37
715,36
2281,36
1029,36
803,36
1988,36
2941,36
2307,36
1936,36
659,36
2585,36
386,35
2032,35
1886,35
2013,35
2466,35
2215,35
2412,34
1924,34
2750,34
2056,34
2433,34
977,34
3107,34
17,34
2197,33
907,33
2685,33
810,33
2994,33
2130,33
1127,33
1824,32
1968,32
578,32
668,32
943,32
2140,32
774,32
676,32
1232,32
237,32
1743,32
1759,32
2912,32
334,32
1018,32
397,31
1812,31
183,31
2028,31
768,31
2740,31
957,31
1864,31
904,31
671,30
953,30
2280,30
1761,30
1603,30
2062,30
501,30
2007,30
2105,30
2240,30
2255,30
1520,30
2131,30
111,30
652,30
2423,30
80,29
1574,29
1725,29
2613,29
2256,29
1714,29
2626,29
2878,29
1202,29
2167,29
830,29
27,29
3084,29
2208,29
934,29
785,29
2473,28
2257,28
2283,28
2714,28
330,28
1893,28
2175,28
988,28
623,28
2260,28
2597,28
1098,28
1160,28
2292,28
161,28
968,28
405,28
0,28
2359,28
1825,28
281,27
434,27
962,27
55,27
1032,27
735,27
947,27
1939,27
2805,27
814,27
897,27
896,26
329,26
1773,26
2647,26
701,26
603,26
2456,26
867,26
1591,26
960,26
1575,26
382,26
2081,26
2651,26
893,26
2334,25
855,25
2354,25
3045,25
930,25
118,25
176,25
2666,25
2757,25
1708,25
2338,25
2445,25
1881,25
199,25
508,25
2514,25
571,25
1035,25
2584,25
2981,24
2149,24
2934,24
2319,24
2336,24
90,24
263,24
2127,24
2667,24
1860,24
2960,24
2001,24
2701,24
422,24
20,24
2470,24
644,23
1868,23
2453,23
1227,23
1872,23
2684,23
79,23
2152,23
1297,23
706,23
2096,23
418,23
1277,23
2324,23
1414,23
2029,23
1405,23
2364,23
1928,23
2560,23
2876,22
3020,22
2564,22
1015,22
1270,22
1840,22
2484,22
1690,22
53,22
2294,22
892,22
225,22
1785,22
817,22
1113,22
2527,22
1079,22
440,22
562,22
2579,22
2483,22
1711,21
2774,21
2046,21
437,21
2417,21
1966,21
1395,21
1899,21
1002,21
2286,21
2400,21
1107,21
850,21
73,21
3062,21
1729,21
2363,21
122,21
1298,21
1948,21
1478,21
3065,21
2607,21
2754,21
771,21
1050,21
1550,20
1960,20
2653,20
2057,20
568,20
2176,20
704,20
565,20
2544,20
614,20
2609,20
559,20
577,20
2241,20
2416,20
77,20
873,20
2623,20
759,20
3006,20
2976,20
1788,20
1828,20
1627,20
2488,20
2789,20
168,20
1667,20
1945,19
1815,19
2799,19
2524,19
857,19
3000,19
2386,19
515,19
2610,19
1855,19
2275,19
549,19
1605,19
967,19
2621,19
2231,19
2711,19
468,19
1340,19
1565,19
2630,19
165,19
3075,19
1400,19
2671,19
2719,19
645,19
2137,19
1294,18
2248,18
569,18
687,18
2622,18
635,18
971,18
725,18
2536,18
709,18
2531,18
3059,18
2468,18
412,18
2756,18
889,18
2793,18
2605,18
1972,18
1016,18
1843,18
2343,18
660,18
433,18
783,18
920,18
1327,18
2261,18
798,18
472,18
1954,18
1613,18
1043,17
1467,17
1547,17
234,17
1078,17
2839,17
1926,17
260,17
1014,17
951,17
1231,17
984,17
1651,17
1037,17
1418,17
1462,17
2370,17
940,17
1571,17
2529,17
375,17
585,17
246,17
975,17
2588,17
741,17
1307,17
2773,17
1210,17
2775,17
1800,17
2085,17
2758,17
2843,17
151,17
2749,17
2872,17
2958,17
2169,16
2521,16
2699,16
790,16
1326,16
82,16
436,16
2520,16
3014,16
3015,16
85,16
634,16
903,16
2479,16
2267,16
2065,16
1197,16
871,16
96,16
2525,16
34,16
799,16
950,16
718,16
1697,16
1769,16
2776,16
1619,16
2971,16
1831,16
2437,16
1328,16
561,16
1772,15
2259,15
1257,15
2619,15
1942,15
1746,15
1792,15
2418,15
700,15
627,15
2887,15
2627,15
2538,15
2562,15
1601,15
1404,15
2196,15
8,15
719,15
49,15
2325,15
1047,15
1527,15
243,15
605,15
1054,15
432,15
748,15
1138,15
877,15
789,15
393,15
103,15
1798,15
936,15
1771,14
1782,14
1222,14
2436,14
1871,14
1569,14
1238,14
1424,14
323,14
2347,14
1013,14
2893,14
3024,14
1056,14
1005,14
262,14
267,14
1157,14
2306,14
125,14
567,14
1287,14
1539,14
3011,14
691,14
2158,14
244,14
2211,14
499,14
777,14
2205,14
573,14
2827,14
1132,14
425,14
2316,14
2753,14
3054,14
1833,14
781,14
2424,14
128,14
737,14
2769,14
1266,13
364,13
1516,13
2990,13
2587,13
1839,13
1243,13
2565,13
917,13
1063,13
2435,13
1760,13
908,13
419,13
890,13
616,13
880,13
581,13
2207,13
1118,13
2409,13
384,13
2616,13
2710,13
705,13
2495,13
2731,13
964,13
2291,13
2147,13
295,13
786,13
3067,13
106,13
1166,13
2352,13
1781,13
2848,13
1787,13
1940,13
1421,13
1561,13
2212,13
1170,13
843,13
294,13
925,13
2826,13
2177,13
1022,13
2612,13
2258,13
1272,12
2974,12
400,12
2318,12
2835,12
973,12
222,12
1489,12
1305,12
3081,12
816,12
2611,12
1212,12
1665,12
2617,12
2963,12
408,12
315,12
822,12
1629,12
2517,12
2365,12
139,12
1059,12
1039,12
407,12
1083,12
2854,12
1065,12
2244,12
542,12
2089,12
1983,12
2351,12
1845,12
2040,12
1892,12
2752,12
2166,12
2035,12
2807,12
1933,12
1876,12
94,12
325,12
424,12
2250,12
2660,12
1099,12
166,12
420,12
131,12
1471,12
2361,12
2420,12
609,12
2450,12
2052,12
758,12
2528,12
1494,12
2154,12
2547,12
1484,12
2463,12
2375,12
942,11
1532,11
2909,11
1512,11
2939,11
2472,11
1738,11
2796,11
2678,11
795,11
1205,11
2948,11
1427,11
2373,11
443,11
202,11
554,11
123,11
124,11
2708,11
2831,11
2620,11
1545,11
169,11
2125,11
197,11
2188,11
608,11
780,11
488,11
1285,11
1347,11
2337,11
204,11
2144,11
66,11
2078,11
63,11
537,11
2289,11
865,11
1862,11
2471,11
835,11
837,11
2492,11
825,11
875,11
2554,11
922,11
923,11
1111,11
2168,11
1506,11
346,11
1081,11
2578,11
321,11
818,11
2093,11
145,11
22,11
1590,11
2353,11
742,11
2390,11
1140,11
1313,11
1482,11
1247,11
1223,11
1145,11
2864,11
1579,11
655,11
914,11
1196,11
702,11
1271,11
2632,11
3032,11
1650,11
688,11
2356,11
1980,11
2031,11
1430,11
2150,11
2663,11
2783,11
2916,11
1957,11
839,10
1984,10
959,10
2219,10
2345,10
2824,10
1048,10
2018,10
955,10
1965,10
767,10
2866,10
601,10
2317,10
784,10
1080,10
2017,10
2548,10
2712,10
2914,10
1096,10
2023,10
2034,10
2634,10
1660,10
969,10
2802,10
2686,10
2801,10
2628,10
2992,10
1727,10
2924,10
1230,10
2727,10
3087,10
1445,10
1226,10
1068,10
1167,10
723,10
2677,10
2995,10
3060,10
3051,10
2998,10
2871,10
2596,10
2751,10
2698,10
415,10
912,10
2850,10
1093,10
993,10
2404,10
2509,10
121,10
2577,10
2741,10
391,10
2047,10
2861,10
119,10
54,10
357,10
427,10
1604,10
185,10
2991,10
470,10
196,10
1148,10
403,10
1917,10
1964,10
1888,10
2163,10
2305,10
2236,10
1850,10
2269,10
519,10
483,10
278,10
233,10
1221,10
212,10
1468,10
1570,10
1302,10
1483,10
1359,10
1524,10
1758,10
2950,10
2266,10
1695,10
1846,10
1640,10
2384,10
435,10
2284,10
2128,10
1678,10
589,9
163,9
67,9
518,9
273,9
675,9
505,9
2141,9
1143,9
1172,9
283,9
974,9
885,9
958,9
639,9
187,9
745,9
853,9
2303,9
2328,9
51,9
19,9
1201,9
1683,9
1583,9
1490,9
1614,9
2892,9
1169,9
1155,9
2103,9
2377,9
2910,9
1187,9
1128,9
1375,9
102,9
1030,9
459,9
972,9
1123,9
1087,9
1495,9
1112,9
1003,9
1962,9
2342,9
2295,9
2049,9
2151,9
1434,9
1411,9
858,9
2076,9
2136,9
1766,9
2308,9
2243,9
2265,9
1821,9
1730,9
2120,9
1082,9
1199,9
859,9
2071,9
1706,9
1066,9
929,9
778,9
484,9
271,9
218,9
3076,9
1922,9
2274,9
2230,9
856,9
2315,9
1109,9
1652,9
924,9
1444,9
782,9
481,9
223,9
309,9
491,9
1042,9
1276,9
2682,9
2813,9
1076,9
490,9
2583,9
1686,9
2814,9
300,9
305,9
1925,9
2732,9
1436,9
2705,9
2725,9
1598,9
2672,9
747,9
333,9
219,9
658,9
1429,9
1530,9
733,9
2828,9
2865,8
689,8
319,8
232,8
69,8
58,8
2694,8
2180,8
282,8
1288,8
2986,8
3044,8
1621,8
2922,8
2058,8
2931,8
860,8
538,8
2759,8
1324,8
2314,8
1676,8
1756,8
566,8
604,8
579,8
1204,8
379,8
1006,8
2079,8
2875,8
684,8
1916,8
760,8
1183,8
93,8
633,8
766,8
194,8
1776,8
2787,8
1299,8
2019,8
1835,8
1735,8
1977,8
184,8
186,8
2673,8
2723,8
2011,8
1209,8
2901,8
2507,8
2812,8
618,8
1479,8
2792,8
2717,8
2573,8
2886,8
1615,8
1235,8
2729,8
970,8
2251,8
1696,8
2683,8
3012,8
1208,8
708,8
1592,8
450,8
353,8
680,8
2195,8
1719,8
1260,8
3048,8
1586,8
797,8
1009,8
239,8
1031,8
2880,8
2918,8
1492,8
477,8
1189,8
2487,8
1443,8
1986,8
2908,8
2867,8
1417,8
2849,8
1360,8
2837,8
74,8
713,8
2066,8
2122,8
1330,8
1599,8
2143,8
868,8
840,8
1241,7
2668,7
1734,7
2428,7
690,7
2568,7
2036,7
487,7
2288,7
2172,7
2987,7
965,7
1718,7
1737,7
2129,7
291,7
2882,7
171,7
2516,7
2234,7
2709,7
2109,7
2210,7
2395,7
2388,7
1011,7
1110,7
852,7
2156,7
1008,7
289,7
883,7
2469,7
2010,7
2252,7
2718,7
2656,7
2558,7
918,7
819,7
1393,7
115,7
1858,7
1104,7
1882,7
2179,7
1563,7
1848,7
2119,7
1726,7
1842,7
358,7
2249,7
2098,7
2084,7
1669,7
1851,7
1644,7
1874,7
1477,7
1548,7
2082,7
135,7
2625,7
138,7
2043,7
1666,7
3077,7
1051,7
869,7
804,7
662,7
1567,7
449,7
2301,7
1343,7
2959,7
1351,7
251,7
2340,7
2978,7
207,7
1339,7
1258,7
861,7
1239,7
1481,7
716,7
1092,7
913,7
990,7
460,7
2975,7
1662,7
812,7
1452,7
1084,7
933,7
1956,7
507,7
1174,7
698,7
149,7
1461,7
99,7
2917,7
303,7
3008,7
905,7
167,7
127,7
336,7
593,7
43,7
1379,7
29,7
531,7
192,7
1218,7
1549,7
1017,7
2800,7
2815,7
2726,7
2629,7
2818,7
1315,7
1774,7
1163,7
763,7
2913,7
1245,7
1466,7
2730,7
3050,7
938,7
2744,7
1786,7
584,7
1403,7
590,7
1292,7
1540,7
1684,7
2949,7
1655,7
1819,7
2675,7
2770,7
1747,6
1097,6
1426,6
992,6
891,6
1108,6
1612,6
2108,6
995,6
1308,6
1978,6
1236,6
738,6
1620,6
1213,6
1303,6
2115,6
2502,6
2394,6
1137,6
664,6
743,6
2797,6
374,6
732,6
1256,6
588,6
1685,6
1699,6
1514,6
1493,6
2933,6
874,6
1028,6
842,6
836,6
694,6
1165,6
1675,6
1372,6
881,6
1162,6
2458,6
2500,6
1129,6
1470,6
2012,6
2385,6
1106,6
2513,6
764,6
1117,6
832,6
888,6
2441,6
2405,6
2571,6
1861,6
107,6
130,6
2944,6
2771,6
2392,6
2657,6
1377,6
1720,6
2537,6
2784,6
206,6
851,6
916,6
2844,6
948,6
430,6
899,6
838,6
372,6
1693,6
1010,6
1742,6
978,6
956,6
941,6
2745,6
625,6
729,6
637,6
692,6
937,6
366,6
686,6
802,6
2735,6
866,6
285,6
2575,6
498,6
2426,6
2904,6
872,6
2655,6
552,6
2438,6
380,6
339,6
1522,6
1791,6
7,6
428,6
2841,6
2194,6
25,6
71,6
177,6
612,6
306,6
1659,6
1681,6
371,6
1688,6
1717,6
3080,6
3001,6
318,6
2906,6
1817,6
2142,6
1740,6
101,6
277,6
463,6
2008,6
1538,6
739,6
221,6
1503,6
1891,6
76,6
2068,6
2891,6
504,6
1741,6
1816,6
349,6
247,6
245,6
695,6
479,6
2851,6
1337,6
696,6
413,6
1139,6
2790,6
1487,6
2739,6
1387,6
1207,6
744,6
1357,6
2810,6
1255,6
1566,6
1206,6
2639,6
1057,6
469,6
2833,6
2641,6
2003,6
2680,6
2822,6
2736,6
1542,6
1469,6
2636,6
1439,6
2635,6
2164,6
2980,6
2721,6
1284,6
724,6
178,6
1178,6
331,6
367,6
242,6
1182,6
1509,6
104,6
791,6
2942,6
280,6
1440,6
3090,6
414,6
509,6
1827,6
1419,6
1525,6
1064,5
730,5
36,5
1116,5
252,5
1475,5
574,5
497,5
467,5
663,5
587,5
461,5
241,5
2733,5
685,5
510,5
779,5
765,5
1120,5
728,5
1027,5
556,5
1046,5
772,5
632,5
448,5
721,5
1069,5
809,5
981,5
849,5
317,5
2542,5
2765,5
409,5
337,5
2094,5
813,5
1647,5
1576,5
952,5
1185,5
2027,5
669,5
1649,5
998,5
999,5
1398,5
1801,5
2190,5
1869,5
2203,5
1341,5
1529,5
2145,5
1577,5
1504,5
2015,5
1658,5
1465,5
2860,5
2842,5
1630,5
1976,5
1820,5
1362,5
3086,5
844,5
1920,5
458,5
1580,5
544,5
756,5
355,5
2341,5
1679,5
493,5
770,5
707,5
286,5
2075,5
2593,5
2902,5
2489,5
2515,5
1810,5
1267,5
1950,5
2455,5
1115,5
1990,5
1898,5
726,5
1179,5
1884,5
1927,5
1902,5
2087,5
1086,5
88,5
162,5
156,5
2737,5
2772,5
1865,5
2780,5
572,5
1454,5
1090,5
1431,5
672,5
2936,5
1617,5
1518,5
1715,5
2781,5
1795,5
534,5
636,5
586,5
619,5
2919,5
2923,5
3085,5
945,5
2825,5
3003,5
1763,5
1497,5
1301,5
2973,5
1225,5
1156,5
2703,5
154,5
2761,5
2331,5
402,5
2907,5
2920,5
387,5
292,5
266,5
201,5
2868,5
268,5
2598,5
617,5
478,5
1780,5
396,5
2658,5
172,5
2482,5
548,5
1194,5
2724,5
2235,5
1322,5
264,5
2782,5
2779,5
1498,5
514,5
2696,5
253,5
1873,5
1312,5
388,5
3101,5
86,5
235,5
674,5
23,5
451,5
2692,5
1273,5
152,5
308,5
648,5
2985,5
142,5
606,5
311,5
394,5
62,5
200,5
203,5
83,5
87,5
622,5
45,5
215,5
3063,5
1544,5
1464,5
1682,5
1291,5
1318,5
939,5
1584,5
1304,5
1581,5
1764,5
1356,5
1623,5
1533,5
1537,5
2695,5
1149,5
1401,5
2095,5
2633,5
1653,5
1654,5
1813,5
1878,5
6,5
114,5
1752,5
70,5
188,5
220,5
3097,5
1034,5
2247,5
1114,5
1476,5
2581,5
2478,5
2498,5
1447,5
621,5
1094,5
2173,5
2550,5
2290,5
1616,5
2447,5
2440,5
2229,5
2580,5
2117,5
2321,5
1500,5
2601,5
1794,5
2496,5
1866,5
2346,5
1921,5
2389,5
2869,5
1001,5
2397,5
665,5
2191,5
1636,5
2330,5
1036,5
1442,5
1744,5
2253,5
2643,4
1091,4
661,4
1142,4
1838,4
1508,4
1052,4
1355,4
342,4
1214,4
1381,4
997,4
1019,4
946,4
503,4
1397,4
298,4
2551,4
1382,4
2823,4
2738,4
2888,4
1154,4
1628,4
2501,4
1290,4
757,4
1432,4
1168,4
1280,4
417,4
1952,4
401,4
1176,4
2608,4
3089,4
710,4
1376,4
1754,4
1396,4
2659,4
2681,4
2687,4
1974,4
1777,4
1262,4
1692,4
545,4
1164,4
2874,4
1852,4
1358,4
2713,4
1797,4
628,4
343,4
1040,4
1024,4
502,4
2442,4
1534,4
2688,4
638,4
257,4
511,4
1067,4
535,4
1610,4
3034,4
316,4
613,4
653,4
796,4
2728,4
1863,4
919,4
1904,4
2182,4
1100,4
2459,4
787,4
2786,4
59,4
2559,4
205,4
1317,4
681,4
2187,4
769,4
2091,4
2454,4
523,4
297,4
2391,4
117,4
56,4
126,4
3078,4
517,4
646,4
722,4
354,4
2631,4
2556,4
2846,4
141,4
602,4
1474,4
164,4
2326,4
457,4
189,4
2884,4
2443,4
143,4
2181,4
108,4
191,4
986,4
98,4
2766,4
474,4
214,4
1775,4
41,4
1380,4
2185,4
2557,4
1133,4
1041,4
2555,4
1394,4
2448,4
2387,4
1438,4
1564,4
2602,4
1306,4
2446,4
1849,4
1365,4
1553,4
1095,4
1033,4
2262,4
651,4
2304,4
793,4
902,4
1077,4
1248,4
878,4
806,4
2022,4
831,4
454,4
1632,4
2254,4
3070,4
2189,4
2329,4
2508,4
2915,4
1186,4
395,4
2637,4
1370,4
1268,4
351,4
1371,4
389,4
226,4
1656,4
324,4
1193,4
1388,4
2193,4
546,4
1103,4
915,4
882,4
1582,4
352,4
3100,4
876,4
2067,4
727,4
2170,4
2889,4
1144,4
1568,4
368,4
341,4
1768,4
1309,4
1560,4
1177,4
2157,4
1350,4
2270,4
2053,4
1587,4
1012,4
3064,4
2263,4
2760,4
1624,4
3027,4
1558,4
1198,4
610,4
2159,4
854,4
2938,4
1707,4
667,4
1523,4
1900,4
431,4
1451,4
2669,4
1799,4
1959,4
1648,4
496,4
1890,4
1386,4
2396,4
1321,4
1278,4
1971,4
3082,4
1200,4
1025,4
1147,4
2421,4
2021,4
1295,4
2996,4
1244,4
1809,4
2223,4
1867,4
1875,4
3052,4
1814,4
921,4
886,4
1378,4
345,4
1486,4
3049,4
2533,4
2004,3
734,3
284,3
516,3
1511,3
410,3
1234,3
91,3
444,3
1541,3
983,3
2834,3
2595,3
597,3
1749,3
290,3
1228,3
1914,3
1274,3
1319,3
2088,3
2114,3
1460,3
370,3
1124,3
230,3
1543,3
703,3
1907,3
1456,3
1897,3
1075,3
1488,3
350,3
195,3
1385,3
1634,3
2376,3
553,3
1987,3
1991,3
512,3
2497,3
1126,3
438,3
898,3
2322,3
2118,3
369,3
1216,3
848,3
1646,3
1412,3
2943,3
1195,3
575,3
928,3
2444,3
3018,3
385,3
2599,3
2116,3
1252,3
208,3
2600,3
2885,3
109,3
248,3
3066,3
2762,3
157,3
1171,3
540,3
3073,3
276,3
3023,3
2693,3
2965,3
2977,3
1992,3
150,3
301,3
1979,3
13,3
524,3
238,3
2160,3
2665,3
2927,3
256,3
261,3
2237,3
2063,3
1074,3
471,3
446,3
147,3
753,3
513,3
81,3
2642,3
1373,3
2499,3
363,3
521,3
1633,3
1203,3
3021,3
60,3
2676,3
494,3
2791,3
416,3
299,3
26,3
1790,3
2224,3
236,3
2921,3
482,3
1973,3
596,3
3042,3
2847,3
2817,3
1903,3
360,3
1885,3
550,3
314,3
629,3
626,3
750,3
1323,3
1639,3
2604,3
2245,3
3093,3
327,3
231,3
2186,3
3105,3
14,3
116,3
2594,3
492,3
2932,3
302,3
249,3
2016,3
288,3
1716,3
445,3
557,3
452,3
57,3
344,3
522,3
1739,3
555,3
693,3
1847,3
495,3
2480,3
1402,3
441,3
683,3
714,3
426,3
1844,3
340,3
2139,3
3083,3
2037,3
821,3
820,3
811,3
1600,3
1841,3
650,3
2246,3
2905,3
1085,3
1515,3
895,3
213,3
641,3
3053,3
1311,3
373,3
347,3
826,3
2983,3
1374,3
1641,3
607,3
2228,3
1913,3
2216,3
2357,3
1823,3
1293,3
378,3
1237,3
320,3
776,3
611,3
2323,3
1119,3
740,3
475,3
2411,3
1342,3
1428,3
1822,3
841,3
2881,3
3025,3
2026,3
1573,3
2795,3
1363,3
2747,3
3079,3
1457,3
1224,3
1970,3
1757,3
1366,3
1829,3
1765,3
2406,3
1784,3
1188,3
731,3
2467,3
1722,3
1352,3
682,3
1390,3
1938,3
2287,3
1502,3
1607,3
1217,3
927,3
656,3
1834,3
1670,3
2715,3
2702,3
1643,3
1446,3
1750,3
1588,3
2811,3
1263,3
1748,3
1246,3
755,3
801,3
944,3
2302,3
1251,3
3046,3
1919,3
1220,3
2572,3
2935,3
670,3
506,3
1918,3
1338,3
595,3
980,3
442,3
2522,3
1049,3
1691,3
1450,3
536,3
2512,3
2809,3
1779,3
1425,3
2852,3
1346,3
2221,3
807,3
1316,3
1004,3
1159,3
1141,3
2957,3
996,3
1345,3
1407,3
2184,3
1961,3
1181,3
224,3
1173,3
3074,3
2225,3
2113,3
229,3
2862,3
1437,3
2691,3
1249,3
1020,3
1055,3
275,3
911,3
1531,3
3035,3
1332,3
2890,3
1724,3
1557,3
2591,3
2589,3
1635,2
259,2
1680,2
1408,2
361,2
1783,2
2086,2
338,2
1997,2
2297,2
2123,2
1151,2
2700,2
1554,2
1399,2
582,2
227,2
198,2
2505,2
2398,2
1501,2
377,2
1526,2
3057,2
1135,2
2033,2
1704,2
2650,2
1458,2
2903,2
1908,2
1951,2
1657,2
1572,2
2768,2
2218,2
1335,2
2422,2
640,2
1101,2
2226,2
1622,2
2798,2
1150,2
1998,2
1528,2
1348,2
1510,2
2982,2
97,2
2767,2
1391,2
1802,2
1449,2
1661,2
3098,2
1383,2
1611,2
2378,2
1296,2
1728,2
1269,2
2410,2
1007,2
2401,2
3102,2
2819,2
1314,2
1190,2
1435,2
1281,2
1310,2
1250,2
1994,2
1158,2
1459,2
1559,2
906,2
2970,2
1368,2
1803,2
1701,2
2061,2
1229,2
1242,2
520,2
1909,2
1331,2
864,2
1275,2
2030,2
541,2
1770,2
1713,2
1642,2
3022,2
1420,2
2911,2
1441,2
1712,2
2743,2
1887,2
1300,2
1161,2
2464,2
1409,2
2198,2
1811,2
2972,2
2661,2
2863,2
2592,2
2567,2
711,2
1804,2
631,2
2690,2
310,2
1061,2
1192,2
824,2
2640,2
2664,2
2070,2
2734,2
1191,2
1349,2
2041,2
3091,2
1415,2
2646,2
1638,2
2764,2
2778,2
1870,2
2566,2
2838,2
2574,2
2586,2
761,2
1279,2
228,2
2072,2
462,2
963,2
1105,2
179,2
1448,2
954,2
1320,2
2462,2
884,2
2054,2
931,2
1088,2
486,2
547,2
1131,2
1146,2
2121,2
773,2
293,2
1102,2
473,2
1134,2
3095,2
1905,2
217,2
1180,2
2858,2
1981,2
1608,2
2836,2
359,2
1485,2
411,2
304,2
2279,2
439,2
1910,2
2183,2
564,2
1334,2
356,2
365,2
2006,2
2804,2
2427,2
3016,2
1943,2
3096,2
1932,2
2506,2
2940,2
2984,2
1806,2
2333,2
1808,2
2407,2
2532,2
1265,2
381,2
312,2
1762,2
2794,2
2645,2
1700,2
2894,2
2755,2
2808,2
39,2
2552,2
2649,2
847,2
2535,2
2569,2
1944,2
2490,2
2510,2
2042,2
399,2
2465,2
2025,2
1710,2
2859,2
2475,2
1880,2
1807,2
1219,2
1818,2
1329,2
2494,2
307,2
800,2
2898,2
3071,2
2926,2
16,2
2930,2
112,2
2953,2
134,2
526,2
3036,2
3056,2
2222,2
254,2
570,2
48,2
677,2
1593,2
455,2
3017,2
829,2
155,2
2929,2
2603,2
592,2
3099,2
485,2
113,2
1947,2
751,2
1955,2
3055,2
3013,2
2112,2
2962,2
392,2
274,2
2966,2
3069,2
181,2
390,2
3038,2
1071,2
1286,2
44,2
1070,2
2276,2
137,2
2048,2
1877,2
190,2
749,2
1519,2
3068,2
15,2
1753,2
1995,2
272,2
1254,2
2200,2
1709,2
240,2
909,2
2988,2
335,2
1073,2
279,2
211,2
563,2
2051,2
2951,2
3047,1
1472,1
2945,1
2788,1
2366,1
2928,1
2335,1
3026,1
1367,1
3106,1
2857,1
2654,1
3104,1
2989,1
1505,1
3041,1
2549,1
1953,1
2368,1
2997,1
1423,1
1261,1
3029,1
2954,1
2300,1
2293,1
3002,1
1703,1
2539,1
2148,1
1911,1
2968,1
2408,1
3030,1
2925,1
1473,1
3058,1
2956,1
1805,1
1941,1
2045,1
2955,1
2227,1
2999,1
2969,1
2461,1
961,1
2937,1
3019,1
3010,1
2367,1
1732,1
1906,1
2900,1
2952,1
2873,1
788,1
3103,1
1830,1
3007,1
1595,1
2299,1
3009,1
2264,1
982,1
1606,1
3094,1
2979,1
3033,1
2371,1
2964,1
2449,1
3004,1
3028,1
3043,1
2853,1
1597,1
2855,1
3092,1
3088,1
3072,1
2055,1
1361,1
987,1
932,1
2716,1
598,1
2101,1
1578,1
2374,1
110,1
2310,1
2312,1
1556,1
657,1
528,1
2369,1
332,1
2064,1
754,1
2162,1
1551,1
1433,1
1999,1
255,1
1496,1
1463,1
2074,1
591,1
1671,1
827,1
1552,1
1923,1
1507,1
679,1
265,1
1410,1
182,1
269,1
712,1
989,1
985,1
447,1
678,1
158,1
527,1
322,1
910,1
1072,1
210,1
209,1
1416,1
2000,1
258,1
92,1
2073,1
2161,1
132,1
525,1
2372,1
12,1
1389,1
270,1
1996,1
250,1
180,1
2298,1
1122,1
42,1
529,1
1513,1
600,1
68,1
40,1
326,1
752,1
453,1
456,1
2897,1
2069,1
1215,1
1259,1
2648,1
1422,1
1283,1
643,1
2220,1
2803,1
1912,1
2518,1
2606,1
1406,1
2832,1
1702,1
1698,1
720,1
2296,1
1594,1
2720,1
2946,1
2615,1
2652,1
2679,1
2519,1
1336,1
2961,1
1369,1
583,1
2947,1
2451,1
328,1
2722,1
2644,1
296,1
2201,1
2816,1
1982,1
1596,1
1562,1
1023,1
539,1
1857,1
2742,1
1136,1
1993,1
1344,1
828,1
673,1
599,1
2785,1
2697,1
2883,1
2674,1
2763,1
1618,1
2704,1
1153,1
1253,1
1546,1
808,1
2830,1
2896,1
994,1
2895,1
2624,1
2689,1
2870,1
2707,1
